id,category,name,mainIngredients,subIngredients,seasonings,externalProvider,externalLinkType,externalUrl,note
1,국·찌개,돼지김치찌개,"김치, 돼지고기","두부, 대파, 양파, 청양고추","고춧가루, 국간장, 다진마늘, 참기름",만개의레시피,search_results,https://www.10000recipe.com/recipe/list.html?q=%EB%8F%BC%EC%A7%80%EA%B9%80%EC%B9%98%EC%B0%8C%EA%B0%9C&order=reco&page=1,MVP용 만개의레시피 검색결과 링크. 대표 상세 레시피 URL은 추후 수집기/수동검수로 확정 권장.
2,국·찌개,참치김치찌개,"김치, 참치캔","두부, 대파, 양파","고춧가루, 국간장, 다진마늘, 참기름",만개의레시피,search_results,https://www.10000recipe.com/recipe/list.html?q=%EC%B0%B8%EC%B9%98%EA%B9%80%EC%B9%98%EC%B0%8C%EA%B0%9C&order=reco&page=1,MVP용 만개의레시피 검색결과 링크. 대표 상세 레시피 URL은 추후 수집기/수동검수로 확정 권장.
3,국·찌개,꽁치김치찌개,"김치, 꽁치캔","두부, 대파, 양파","고춧가루, 국간장, 다진마늘, 참기름",만개의레시피,search_results,https://www.10000recipe.com/recipe/list.html?q=%EA%BD%81%EC%B9%98%EA%B9%80%EC%B9%98%EC%B0%8C%EA%B0%9C&order=reco&page=1,MVP용 만개의레시피 검색결과 링크. 대표 상세 레시피 URL은 추후 수집기/수동검수로 확정 권장.
4,국·찌개,스팸김치찌개,"김치, 스팸","두부, 대파, 양파","고춧가루, 국간장, 다진마늘, 참기름",만개의레시피,search_results,https://www.10000recipe.com/recipe/list.html?q=%EC%8A%A4%ED%8C%B8%EA%B9%80%EC%B9%98%EC%B0%8C%EA%B0%9C&order=reco&page=1,MVP용 만개의레시피 검색결과 링크. 대표 상세 레시피 URL은 추후 수집기/수동검수로 확정 권장.
5,국·찌개,된장찌개,"된장, 두부","애호박, 양파, 감자, 버섯, 대파","다진마늘, 고춧가루",만개의레시피,search_results,https://www.10000recipe.com/recipe/list.html?q=%EB%90%9C%EC%9E%A5%EC%B0%8C%EA%B0%9C&order=reco&page=1,MVP용 만개의레시피 검색결과 링크. 대표 상세 레시피 URL은 추후 수집기/수동검수로 확정 권장.
6,국·찌개,차돌된장찌개,"된장, 차돌박이","두부, 애호박, 양파, 버섯","다진마늘, 고춧가루",만개의레시피,search_results,https://www.10000recipe.com/recipe/list.html?q=%EC%B0%A8%EB%8F%8C%EB%90%9C%EC%9E%A5%EC%B0%8C%EA%B0%9C&order=reco&page=1,MVP용 만개의레시피 검색결과 링크. 대표 상세 레시피 URL은 추후 수집기/수동검수로 확정 권장.
7,국·찌개,순두부찌개,"순두부, 계란","돼지고기, 바지락, 대파, 양파","고춧가루, 국간장, 다진마늘, 참기름",만개의레시피,search_results,https://www.10000recipe.com/recipe/list.html?q=%EC%88%9C%EB%91%90%EB%B6%80%EC%B0%8C%EA%B0%9C&order=reco&page=1,MVP용 만개의레시피 검색결과 링크. 대표 상세 레시피 URL은 추후 수집기/수동검수로 확정 권장.
8,국·찌개,해물순두부찌개,"순두부, 해산물","계란, 대파, 양파, 청양고추","고춧가루, 국간장, 다진마늘, 참기름",만개의레시피,search_results,https://www.10000recipe.com/recipe/list.html?q=%ED%95%B4%EB%AC%BC%EC%88%9C%EB%91%90%EB%B6%80%EC%B0%8C%EA%B0%9C&order=reco&page=1,MVP용 만개의레시피 검색결과 링크. 대표 상세 레시피 URL은 추후 수집기/수동검수로 확정 권장.
9,국·찌개,바지락순두부찌개,"순두부, 바지락","계란, 대파, 양파","고춧가루, 국간장, 다진마늘, 참기름",만개의레시피,search_results,https://www.10000recipe.com/recipe/list.html?q=%EB%B0%94%EC%A7%80%EB%9D%BD%EC%88%9C%EB%91%90%EB%B6%80%EC%B0%8C%EA%B0%9C&order=reco&page=1,MVP용 만개의레시피 검색결과 링크. 대표 상세 레시피 URL은 추후 수집기/수동검수로 확정 권장.
10,국·찌개,고추장찌개,"고추장, 돼지고기","감자, 애호박, 양파, 두부","고춧가루, 다진마늘, 국간장",만개의레시피,search_results,https://www.10000recipe.com/recipe/list.html?q=%EA%B3%A0%EC%B6%94%EC%9E%A5%EC%B0%8C%EA%B0%9C&order=reco&page=1,MVP용 만개의레시피 검색결과 링크. 대표 상세 레시피 URL은 추후 수집기/수동검수로 확정 권장.
11,국·찌개,청국장찌개,"청국장, 두부","김치, 애호박, 양파, 버섯","된장, 다진마늘",만개의레시피,search_results,https://www.10000recipe.com/recipe/list.html?q=%EC%B2%AD%EA%B5%AD%EC%9E%A5%EC%B0%8C%EA%B0%9C&order=reco&page=1,MVP용 만개의레시피 검색결과 링크. 대표 상세 레시피 URL은 추후 수집기/수동검수로 확정 권장.
12,국·찌개,비지찌개,"콩비지, 김치","돼지고기, 대파, 양파","국간장, 다진마늘, 고춧가루",만개의레시피,search_results,https://www.10000recipe.com/recipe/list.html?q=%EB%B9%84%EC%A7%80%EC%B0%8C%EA%B0%9C&order=reco&page=1,MVP용 만개의레시피 검색결과 링크. 대표 상세 레시피 URL은 추후 수집기/수동검수로 확정 권장.
13,국·찌개,부대찌개,"햄, 소시지, 김치","라면사리, 두부, 대파, 치즈","고추장, 고춧가루, 다진마늘, 간장",만개의레시피,search_results,https://www.10000recipe.com/recipe/list.html?q=%EB%B6%80%EB%8C%80%EC%B0%8C%EA%B0%9C&order=reco&page=1,MVP용 만개의레시피 검색결과 링크. 대표 상세 레시피 URL은 추후 수집기/수동검수로 확정 권장.
14,국·찌개,동태찌개,동태,"무, 두부, 대파, 콩나물","고춧가루, 국간장, 다진마늘",만개의레시피,search_results,https://www.10000recipe.com/recipe/list.html?q=%EB%8F%99%ED%83%9C%EC%B0%8C%EA%B0%9C&order=reco&page=1,MVP용 만개의레시피 검색결과 링크. 대표 상세 레시피 URL은 추후 수집기/수동검수로 확정 권장.
15,국·찌개,꽃게탕,꽃게,"무, 대파, 애호박, 두부","국간장, 소금, 다진마늘",만개의레시피,search_results,https://www.10000recipe.com/recipe/list.html?q=%EA%BD%83%EA%B2%8C%ED%83%95&order=reco&page=1,MVP용 만개의레시피 검색결과 링크. 대표 상세 레시피 URL은 추후 수집기/수동검수로 확정 권장.
16,국·찌개,매운탕,"생선, 무","콩나물, 대파, 미나리, 두부","국간장, 소금, 다진마늘, 고춧가루",만개의레시피,search_results,https://www.10000recipe.com/recipe/list.html?q=%EB%A7%A4%EC%9A%B4%ED%83%95&order=reco&page=1,MVP용 만개의레시피 검색결과 링크. 대표 상세 레시피 URL은 추후 수집기/수동검수로 확정 권장.
17,국·찌개,어묵탕,"어묵, 무","대파, 곤약, 버섯","국간장, 소금, 다진마늘",만개의레시피,search_results,https://www.10000recipe.com/recipe/list.html?q=%EC%96%B4%EB%AC%B5%ED%83%95&order=reco&page=1,MVP용 만개의레시피 검색결과 링크. 대표 상세 레시피 URL은 추후 수집기/수동검수로 확정 권장.
18,국·찌개,북엇국,"북어채, 계란","무, 대파, 두부","국간장, 참기름, 다진마늘",만개의레시피,search_results,https://www.10000recipe.com/recipe/list.html?q=%EB%B6%81%EC%97%87%EA%B5%AD&order=reco&page=1,MVP용 만개의레시피 검색결과 링크. 대표 상세 레시피 URL은 추후 수집기/수동검수로 확정 권장.
19,국·찌개,소고기무국,"소고기, 무","대파, 버섯","국간장, 소금, 다진마늘",만개의레시피,search_results,https://www.10000recipe.com/recipe/list.html?q=%EC%86%8C%EA%B3%A0%EA%B8%B0%EB%AC%B4%EA%B5%AD&order=reco&page=1,MVP용 만개의레시피 검색결과 링크. 대표 상세 레시피 URL은 추후 수집기/수동검수로 확정 권장.
20,국·찌개,미역국,미역,"소고기, 참치, 조개","국간장, 참기름, 다진마늘",만개의레시피,search_results,https://www.10000recipe.com/recipe/list.html?q=%EB%AF%B8%EC%97%AD%EA%B5%AD&order=reco&page=1,MVP용 만개의레시피 검색결과 링크. 대표 상세 레시피 URL은 추후 수집기/수동검수로 확정 권장.
21,국·찌개,소고기미역국,"미역, 소고기",대파,"국간장, 참기름, 다진마늘",만개의레시피,search_results,https://www.10000recipe.com/recipe/list.html?q=%EC%86%8C%EA%B3%A0%EA%B8%B0%EB%AF%B8%EC%97%AD%EA%B5%AD&order=reco&page=1,MVP용 만개의레시피 검색결과 링크. 대표 상세 레시피 URL은 추후 수집기/수동검수로 확정 권장.
22,국·찌개,참치미역국,"미역, 참치캔",대파,"국간장, 참기름, 다진마늘",만개의레시피,search_results,https://www.10000recipe.com/recipe/list.html?q=%EC%B0%B8%EC%B9%98%EB%AF%B8%EC%97%AD%EA%B5%AD&order=reco&page=1,MVP용 만개의레시피 검색결과 링크. 대표 상세 레시피 URL은 추후 수집기/수동검수로 확정 권장.
23,국·찌개,들깨미역국,"미역, 들깨가루","버섯, 두부","국간장, 참기름, 다진마늘",만개의레시피,search_results,https://www.10000recipe.com/recipe/list.html?q=%EB%93%A4%EA%B9%A8%EB%AF%B8%EC%97%AD%EA%B5%AD&order=reco&page=1,MVP용 만개의레시피 검색결과 링크. 대표 상세 레시피 URL은 추후 수집기/수동검수로 확정 권장.
24,국·찌개,콩나물국,콩나물,"대파, 청양고추","국간장, 소금, 참기름, 다진마늘",만개의레시피,search_results,https://www.10000recipe.com/recipe/list.html?q=%EC%BD%A9%EB%82%98%EB%AC%BC%EA%B5%AD&order=reco&page=1,MVP용 만개의레시피 검색결과 링크. 대표 상세 레시피 URL은 추후 수집기/수동검수로 확정 권장.
25,국·찌개,김치콩나물국,"김치, 콩나물","대파, 두부","국간장, 소금, 참기름, 다진마늘",만개의레시피,search_results,https://www.10000recipe.com/recipe/list.html?q=%EA%B9%80%EC%B9%98%EC%BD%A9%EB%82%98%EB%AC%BC%EA%B5%AD&order=reco&page=1,MVP용 만개의레시피 검색결과 링크. 대표 상세 레시피 URL은 추후 수집기/수동검수로 확정 권장.
26,국·찌개,계란국,계란,"대파, 양파","국간장, 소금, 다진마늘",만개의레시피,search_results,https://www.10000recipe.com/recipe/list.html?q=%EA%B3%84%EB%9E%80%EA%B5%AD&order=reco&page=1,MVP용 만개의레시피 검색결과 링크. 대표 상세 레시피 URL은 추후 수집기/수동검수로 확정 권장.
27,국·찌개,떡국,떡국떡,"계란, 대파, 김가루","국간장, 소금, 후추",만개의레시피,search_results,https://www.10000recipe.com/recipe/list.html?q=%EB%96%A1%EA%B5%AD&order=reco&page=1,MVP용 만개의레시피 검색결과 링크. 대표 상세 레시피 URL은 추후 수집기/수동검수로 확정 권장.
28,국·찌개,떡만둣국,"떡국떡, 만두","계란, 대파, 김가루","국간장, 소금, 다진마늘",만개의레시피,search_results,https://www.10000recipe.com/recipe/list.html?q=%EB%96%A1%EB%A7%8C%EB%91%A3%EA%B5%AD&order=reco&page=1,MVP용 만개의레시피 검색결과 링크. 대표 상세 레시피 URL은 추후 수집기/수동검수로 확정 권장.
29,국·찌개,만둣국,만두,"계란, 대파, 떡국떡","국간장, 소금, 다진마늘",만개의레시피,search_results,https://www.10000recipe.com/recipe/list.html?q=%EB%A7%8C%EB%91%A3%EA%B5%AD&order=reco&page=1,MVP용 만개의레시피 검색결과 링크. 대표 상세 레시피 URL은 추후 수집기/수동검수로 확정 권장.
30,국·찌개,육개장,"소고기, 대파","숙주, 고사리, 버섯, 계란","고춧가루, 국간장, 다진마늘, 참기름",만개의레시피,search_results,https://www.10000recipe.com/recipe/list.html?q=%EC%9C%A1%EA%B0%9C%EC%9E%A5&order=reco&page=1,MVP용 만개의레시피 검색결과 링크. 대표 상세 레시피 URL은 추후 수집기/수동검수로 확정 권장.
31,국·찌개,닭개장,"닭고기, 대파","숙주, 고사리, 버섯","소금, 후추",만개의레시피,search_results,https://www.10000recipe.com/recipe/list.html?q=%EB%8B%AD%EA%B0%9C%EC%9E%A5&order=reco&page=1,MVP용 만개의레시피 검색결과 링크. 대표 상세 레시피 URL은 추후 수집기/수동검수로 확정 권장.
32,국·찌개,삼계탕,"닭고기, 찹쌀","대추, 마늘, 인삼","소금, 후추, 다진마늘",만개의레시피,search_results,https://www.10000recipe.com/recipe/list.html?q=%EC%82%BC%EA%B3%84%ED%83%95&order=reco&page=1,MVP용 만개의레시피 검색결과 링크. 대표 상세 레시피 URL은 추후 수집기/수동검수로 확정 권장.
33,국·찌개,갈비탕,소갈비,"무, 대파, 당면","국간장, 소금, 다진마늘",만개의레시피,search_results,https://www.10000recipe.com/recipe/list.html?q=%EA%B0%88%EB%B9%84%ED%83%95&order=reco&page=1,MVP용 만개의레시피 검색결과 링크. 대표 상세 레시피 URL은 추후 수집기/수동검수로 확정 권장.
34,국·찌개,설렁탕,"사골육수, 소고기","소면, 대파","국간장, 소금, 다진마늘",만개의레시피,search_results,https://www.10000recipe.com/recipe/list.html?q=%EC%84%A4%EB%A0%81%ED%83%95&order=reco&page=1,MVP용 만개의레시피 검색결과 링크. 대표 상세 레시피 URL은 추후 수집기/수동검수로 확정 권장.
35,국·찌개,곰탕,"사골육수, 소고기","대파, 소면","국간장, 소금, 다진마늘",만개의레시피,search_results,https://www.10000recipe.com/recipe/list.html?q=%EA%B3%B0%ED%83%95&order=reco&page=1,MVP용 만개의레시피 검색결과 링크. 대표 상세 레시피 URL은 추후 수집기/수동검수로 확정 권장.
36,국·찌개,감자탕,"돼지등뼈, 감자","우거지, 깻잎, 대파","된장, 고춧가루, 다진마늘, 들깨가루",만개의레시피,search_results,https://www.10000recipe.com/recipe/list.html?q=%EA%B0%90%EC%9E%90%ED%83%95&order=reco&page=1,MVP용 만개의레시피 검색결과 링크. 대표 상세 레시피 URL은 추후 수집기/수동검수로 확정 권장.
37,국·찌개,닭곰탕,닭고기,"대파, 당면, 무","국간장, 소금, 다진마늘",만개의레시피,search_results,https://www.10000recipe.com/recipe/list.html?q=%EB%8B%AD%EA%B3%B0%ED%83%95&order=reco&page=1,MVP용 만개의레시피 검색결과 링크. 대표 상세 레시피 URL은 추후 수집기/수동검수로 확정 권장.
38,국·찌개,아욱된장국,"아욱, 된장","두부, 대파","국간장, 소금, 다진마늘",만개의레시피,search_results,https://www.10000recipe.com/recipe/list.html?q=%EC%95%84%EC%9A%B1%EB%90%9C%EC%9E%A5%EA%B5%AD&order=reco&page=1,MVP용 만개의레시피 검색결과 링크. 대표 상세 레시피 URL은 추후 수집기/수동검수로 확정 권장.
39,국·찌개,시래기된장국,"시래기, 된장","두부, 대파","국간장, 소금, 다진마늘",만개의레시피,search_results,https://www.10000recipe.com/recipe/list.html?q=%EC%8B%9C%EB%9E%98%EA%B8%B0%EB%90%9C%EC%9E%A5%EA%B5%AD&order=reco&page=1,MVP용 만개의레시피 검색결과 링크. 대표 상세 레시피 URL은 추후 수집기/수동검수로 확정 권장.
40,국·찌개,배추된장국,"배추, 된장","두부, 대파","국간장, 소금, 다진마늘",만개의레시피,search_results,https://www.10000recipe.com/recipe/list.html?q=%EB%B0%B0%EC%B6%94%EB%90%9C%EC%9E%A5%EA%B5%AD&order=reco&page=1,MVP용 만개의레시피 검색결과 링크. 대표 상세 레시피 URL은 추후 수집기/수동검수로 확정 권장.
41,국·찌개,냉이된장국,"냉이, 된장","두부, 대파","국간장, 소금, 다진마늘",만개의레시피,search_results,https://www.10000recipe.com/recipe/list.html?q=%EB%83%89%EC%9D%B4%EB%90%9C%EC%9E%A5%EA%B5%AD&order=reco&page=1,MVP용 만개의레시피 검색결과 링크. 대표 상세 레시피 URL은 추후 수집기/수동검수로 확정 권장.
42,국·찌개,우거지국,"우거지, 된장","소고기, 대파","국간장, 소금, 다진마늘",만개의레시피,search_results,https://www.10000recipe.com/recipe/list.html?q=%EC%9A%B0%EA%B1%B0%EC%A7%80%EA%B5%AD&order=reco&page=1,MVP용 만개의레시피 검색결과 링크. 대표 상세 레시피 URL은 추후 수집기/수동검수로 확정 권장.
43,국·찌개,오징어무국,"오징어, 무","대파, 청양고추","국간장, 소금, 다진마늘",만개의레시피,search_results,https://www.10000recipe.com/recipe/list.html?q=%EC%98%A4%EC%A7%95%EC%96%B4%EB%AC%B4%EA%B5%AD&order=reco&page=1,MVP용 만개의레시피 검색결과 링크. 대표 상세 레시피 URL은 추후 수집기/수동검수로 확정 권장.
44,국·찌개,홍합탕,홍합,"대파, 청양고추","국간장, 소금, 다진마늘",만개의레시피,search_results,https://www.10000recipe.com/recipe/list.html?q=%ED%99%8D%ED%95%A9%ED%83%95&order=reco&page=1,MVP용 만개의레시피 검색결과 링크. 대표 상세 레시피 URL은 추후 수집기/수동검수로 확정 권장.
45,국·찌개,조개탕,조개,"무, 대파, 청양고추","국간장, 소금, 다진마늘",만개의레시피,search_results,https://www.10000recipe.com/recipe/list.html?q=%EC%A1%B0%EA%B0%9C%ED%83%95&order=reco&page=1,MVP용 만개의레시피 검색결과 링크. 대표 상세 레시피 URL은 추후 수집기/수동검수로 확정 권장.
46,국·찌개,굴국,"굴, 무","두부, 대파","국간장, 소금, 다진마늘",만개의레시피,search_results,https://www.10000recipe.com/recipe/list.html?q=%EA%B5%B4%EA%B5%AD&order=reco&page=1,MVP용 만개의레시피 검색결과 링크. 대표 상세 레시피 URL은 추후 수집기/수동검수로 확정 권장.
47,국·찌개,돼지고기짜글이,"돼지고기, 김치","감자, 양파, 대파","고추장, 고춧가루, 간장, 다진마늘",만개의레시피,search_results,https://www.10000recipe.com/recipe/list.html?q=%EB%8F%BC%EC%A7%80%EA%B3%A0%EA%B8%B0%EC%A7%9C%EA%B8%80%EC%9D%B4&order=reco&page=1,MVP용 만개의레시피 검색결과 링크. 대표 상세 레시피 URL은 추후 수집기/수동검수로 확정 권장.
48,국·찌개,햄찌개,"햄, 김치","두부, 양파, 대파","고춧가루, 국간장, 다진마늘",만개의레시피,search_results,https://www.10000recipe.com/recipe/list.html?q=%ED%96%84%EC%B0%8C%EA%B0%9C&order=reco&page=1,MVP용 만개의레시피 검색결과 링크. 대표 상세 레시피 URL은 추후 수집기/수동검수로 확정 권장.
49,국·찌개,소고기배추국,"소고기, 배추","대파, 버섯","국간장, 소금, 다진마늘",만개의레시피,search_results,https://www.10000recipe.com/recipe/list.html?q=%EC%86%8C%EA%B3%A0%EA%B8%B0%EB%B0%B0%EC%B6%94%EA%B5%AD&order=reco&page=1,MVP용 만개의레시피 검색결과 링크. 대표 상세 레시피 URL은 추후 수집기/수동검수로 확정 권장.
50,국·찌개,감자국,감자,"계란, 대파, 양파","국간장, 소금, 다진마늘",만개의레시피,search_results,https://www.10000recipe.com/recipe/list.html?q=%EA%B0%90%EC%9E%90%EA%B5%AD&order=reco&page=1,MVP용 만개의레시피 검색결과 링크. 대표 상세 레시피 URL은 추후 수집기/수동검수로 확정 권장.
51,반찬,계란말이,계란,"대파, 당근, 양파, 햄","소금, 식용유",만개의레시피,search_results,https://www.10000recipe.com/recipe/list.html?q=%EA%B3%84%EB%9E%80%EB%A7%90%EC%9D%B4&order=reco&page=1,MVP용 만개의레시피 검색결과 링크. 대표 상세 레시피 URL은 추후 수집기/수동검수로 확정 권장.
52,반찬,계란찜,계란,"대파, 당근, 새우젓","소금, 참기름",만개의레시피,search_results,https://www.10000recipe.com/recipe/list.html?q=%EA%B3%84%EB%9E%80%EC%B0%9C&order=reco&page=1,MVP용 만개의레시피 검색결과 링크. 대표 상세 레시피 URL은 추후 수집기/수동검수로 확정 권장.
53,반찬,계란장조림,계란,"꽈리고추, 마늘","간장, 설탕, 맛술, 다진마늘",만개의레시피,search_results,https://www.10000recipe.com/recipe/list.html?q=%EA%B3%84%EB%9E%80%EC%9E%A5%EC%A1%B0%EB%A6%BC&order=reco&page=1,MVP용 만개의레시피 검색결과 링크. 대표 상세 레시피 URL은 추후 수집기/수동검수로 확정 권장.
54,반찬,메추리알장조림,메추리알,"꽈리고추, 마늘","간장, 설탕, 맛술, 다진마늘",만개의레시피,search_results,https://www.10000recipe.com/recipe/list.html?q=%EB%A9%94%EC%B6%94%EB%A6%AC%EC%95%8C%EC%9E%A5%EC%A1%B0%EB%A6%BC&order=reco&page=1,MVP용 만개의레시피 검색결과 링크. 대표 상세 레시피 URL은 추후 수집기/수동검수로 확정 권장.
55,반찬,두부조림,두부,"대파, 양파","간장, 설탕, 다진마늘, 참기름",만개의레시피,search_results,https://www.10000recipe.com/recipe/list.html?q=%EB%91%90%EB%B6%80%EC%A1%B0%EB%A6%BC&order=reco&page=1,MVP용 만개의레시피 검색결과 링크. 대표 상세 레시피 URL은 추후 수집기/수동검수로 확정 권장.
56,반찬,두부부침,두부,"대파, 양념장","소금, 식용유, 간장",만개의레시피,search_results,https://www.10000recipe.com/recipe/list.html?q=%EB%91%90%EB%B6%80%EB%B6%80%EC%B9%A8&order=reco&page=1,MVP용 만개의레시피 검색결과 링크. 대표 상세 레시피 URL은 추후 수집기/수동검수로 확정 권장.
57,반찬,어묵볶음,어묵,"양파, 당근, 대파","간장, 다진마늘, 참기름, 식용유",만개의레시피,search_results,https://www.10000recipe.com/recipe/list.html?q=%EC%96%B4%EB%AC%B5%EB%B3%B6%EC%9D%8C&order=reco&page=1,MVP용 만개의레시피 검색결과 링크. 대표 상세 레시피 URL은 추후 수집기/수동검수로 확정 권장.
58,반찬,매운어묵볶음,어묵,"청양고추, 양파, 대파","간장, 다진마늘, 참기름, 식용유, 고춧가루",만개의레시피,search_results,https://www.10000recipe.com/recipe/list.html?q=%EB%A7%A4%EC%9A%B4%EC%96%B4%EB%AC%B5%EB%B3%B6%EC%9D%8C&order=reco&page=1,MVP용 만개의레시피 검색결과 링크. 대표 상세 레시피 URL은 추후 수집기/수동검수로 확정 권장.
59,반찬,감자채볶음,감자,"양파, 당근, 햄","간장, 다진마늘, 참기름, 식용유",만개의레시피,search_results,https://www.10000recipe.com/recipe/list.html?q=%EA%B0%90%EC%9E%90%EC%B1%84%EB%B3%B6%EC%9D%8C&order=reco&page=1,MVP용 만개의레시피 검색결과 링크. 대표 상세 레시피 URL은 추후 수집기/수동검수로 확정 권장.
60,반찬,감자조림,감자,"양파, 당근","간장, 설탕, 다진마늘, 참기름",만개의레시피,search_results,https://www.10000recipe.com/recipe/list.html?q=%EA%B0%90%EC%9E%90%EC%A1%B0%EB%A6%BC&order=reco&page=1,MVP용 만개의레시피 검색결과 링크. 대표 상세 레시피 URL은 추후 수집기/수동검수로 확정 권장.
61,반찬,멸치볶음,멸치,"견과류, 꽈리고추","간장, 다진마늘, 참기름, 식용유",만개의레시피,search_results,https://www.10000recipe.com/recipe/list.html?q=%EB%A9%B8%EC%B9%98%EB%B3%B6%EC%9D%8C&order=reco&page=1,MVP용 만개의레시피 검색결과 링크. 대표 상세 레시피 URL은 추후 수집기/수동검수로 확정 권장.
62,반찬,잔멸치볶음,잔멸치,"견과류, 통깨","간장, 다진마늘, 참기름, 식용유",만개의레시피,search_results,https://www.10000recipe.com/recipe/list.html?q=%EC%9E%94%EB%A9%B8%EC%B9%98%EB%B3%B6%EC%9D%8C&order=reco&page=1,MVP용 만개의레시피 검색결과 링크. 대표 상세 레시피 URL은 추후 수집기/수동검수로 확정 권장.
63,반찬,고추장멸치볶음,"멸치, 고추장","견과류, 꽈리고추","간장, 다진마늘, 참기름, 식용유",만개의레시피,search_results,https://www.10000recipe.com/recipe/list.html?q=%EA%B3%A0%EC%B6%94%EC%9E%A5%EB%A9%B8%EC%B9%98%EB%B3%B6%EC%9D%8C&order=reco&page=1,MVP용 만개의레시피 검색결과 링크. 대표 상세 레시피 URL은 추후 수집기/수동검수로 확정 권장.
64,반찬,진미채볶음,진미채,"마요네즈, 통깨","간장, 다진마늘, 참기름, 식용유",만개의레시피,search_results,https://www.10000recipe.com/recipe/list.html?q=%EC%A7%84%EB%AF%B8%EC%B1%84%EB%B3%B6%EC%9D%8C&order=reco&page=1,MVP용 만개의레시피 검색결과 링크. 대표 상세 레시피 URL은 추후 수집기/수동검수로 확정 권장.
65,반찬,명엽채볶음,명엽채,통깨,"간장, 다진마늘, 참기름, 식용유",만개의레시피,search_results,https://www.10000recipe.com/recipe/list.html?q=%EB%AA%85%EC%97%BD%EC%B1%84%EB%B3%B6%EC%9D%8C&order=reco&page=1,MVP용 만개의레시피 검색결과 링크. 대표 상세 레시피 URL은 추후 수집기/수동검수로 확정 권장.
66,반찬,콩나물무침,콩나물,"대파, 당근","고춧가루, 식초, 설탕, 다진마늘, 참기름",만개의레시피,search_results,https://www.10000recipe.com/recipe/list.html?q=%EC%BD%A9%EB%82%98%EB%AC%BC%EB%AC%B4%EC%B9%A8&order=reco&page=1,MVP용 만개의레시피 검색결과 링크. 대표 상세 레시피 URL은 추후 수집기/수동검수로 확정 권장.
67,반찬,숙주나물무침,숙주,"대파, 당근","고춧가루, 식초, 설탕, 다진마늘, 참기름",만개의레시피,search_results,https://www.10000recipe.com/recipe/list.html?q=%EC%88%99%EC%A3%BC%EB%82%98%EB%AC%BC%EB%AC%B4%EC%B9%A8&order=reco&page=1,MVP용 만개의레시피 검색결과 링크. 대표 상세 레시피 URL은 추후 수집기/수동검수로 확정 권장.
68,반찬,시금치나물,시금치,"대파, 통깨","국간장, 소금, 참기름, 다진마늘",만개의레시피,search_results,https://www.10000recipe.com/recipe/list.html?q=%EC%8B%9C%EA%B8%88%EC%B9%98%EB%82%98%EB%AC%BC&order=reco&page=1,MVP용 만개의레시피 검색결과 링크. 대표 상세 레시피 URL은 추후 수집기/수동검수로 확정 권장.
69,반찬,오이무침,오이,"양파, 부추","고춧가루, 식초, 설탕, 다진마늘, 참기름",만개의레시피,search_results,https://www.10000recipe.com/recipe/list.html?q=%EC%98%A4%EC%9D%B4%EB%AC%B4%EC%B9%A8&order=reco&page=1,MVP용 만개의레시피 검색결과 링크. 대표 상세 레시피 URL은 추후 수집기/수동검수로 확정 권장.
70,반찬,오이소박이,"오이, 부추","당근, 양파","소금, 후추",만개의레시피,search_results,https://www.10000recipe.com/recipe/list.html?q=%EC%98%A4%EC%9D%B4%EC%86%8C%EB%B0%95%EC%9D%B4&order=reco&page=1,MVP용 만개의레시피 검색결과 링크. 대표 상세 레시피 URL은 추후 수집기/수동검수로 확정 권장.
71,반찬,무생채,무,"대파, 통깨","소금, 후추",만개의레시피,search_results,https://www.10000recipe.com/recipe/list.html?q=%EB%AC%B4%EC%83%9D%EC%B1%84&order=reco&page=1,MVP용 만개의레시피 검색결과 링크. 대표 상세 레시피 URL은 추후 수집기/수동검수로 확정 권장.
72,반찬,가지볶음,가지,"양파, 대파","간장, 다진마늘, 참기름, 식용유",만개의레시피,search_results,https://www.10000recipe.com/recipe/list.html?q=%EA%B0%80%EC%A7%80%EB%B3%B6%EC%9D%8C&order=reco&page=1,MVP용 만개의레시피 검색결과 링크. 대표 상세 레시피 URL은 추후 수집기/수동검수로 확정 권장.
73,반찬,애호박볶음,애호박,"양파, 새우젓","간장, 다진마늘, 참기름, 식용유",만개의레시피,search_results,https://www.10000recipe.com/recipe/list.html?q=%EC%95%A0%ED%98%B8%EB%B0%95%EB%B3%B6%EC%9D%8C&order=reco&page=1,MVP용 만개의레시피 검색결과 링크. 대표 상세 레시피 URL은 추후 수집기/수동검수로 확정 권장.
74,반찬,버섯볶음,버섯,"양파, 당근","간장, 다진마늘, 참기름, 식용유",만개의레시피,search_results,https://www.10000recipe.com/recipe/list.html?q=%EB%B2%84%EC%84%AF%EB%B3%B6%EC%9D%8C&order=reco&page=1,MVP용 만개의레시피 검색결과 링크. 대표 상세 레시피 URL은 추후 수집기/수동검수로 확정 권장.
75,반찬,김치볶음,김치,"참치캔, 돼지고기, 대파","간장, 다진마늘, 참기름, 식용유",만개의레시피,search_results,https://www.10000recipe.com/recipe/list.html?q=%EA%B9%80%EC%B9%98%EB%B3%B6%EC%9D%8C&order=reco&page=1,MVP용 만개의레시피 검색결과 링크. 대표 상세 레시피 URL은 추후 수집기/수동검수로 확정 권장.
76,반찬,깻잎장아찌,깻잎,"양파, 당근","소금, 후추",만개의레시피,search_results,https://www.10000recipe.com/recipe/list.html?q=%EA%B9%BB%EC%9E%8E%EC%9E%A5%EC%95%84%EC%B0%8C&order=reco&page=1,MVP용 만개의레시피 검색결과 링크. 대표 상세 레시피 URL은 추후 수집기/수동검수로 확정 권장.
77,반찬,마늘쫑볶음,마늘쫑,"건새우, 어묵","간장, 다진마늘, 참기름, 식용유",만개의레시피,search_results,https://www.10000recipe.com/recipe/list.html?q=%EB%A7%88%EB%8A%98%EC%AB%91%EB%B3%B6%EC%9D%8C&order=reco&page=1,MVP용 만개의레시피 검색결과 링크. 대표 상세 레시피 URL은 추후 수집기/수동검수로 확정 권장.
78,반찬,연근조림,연근,통깨,"간장, 설탕, 다진마늘, 참기름",만개의레시피,search_results,https://www.10000recipe.com/recipe/list.html?q=%EC%97%B0%EA%B7%BC%EC%A1%B0%EB%A6%BC&order=reco&page=1,MVP용 만개의레시피 검색결과 링크. 대표 상세 레시피 URL은 추후 수집기/수동검수로 확정 권장.
79,반찬,우엉조림,우엉,"당근, 통깨","간장, 설탕, 다진마늘, 참기름",만개의레시피,search_results,https://www.10000recipe.com/recipe/list.html?q=%EC%9A%B0%EC%97%89%EC%A1%B0%EB%A6%BC&order=reco&page=1,MVP용 만개의레시피 검색결과 링크. 대표 상세 레시피 URL은 추후 수집기/수동검수로 확정 권장.
80,반찬,꽈리고추멸치볶음,"꽈리고추, 멸치","마늘, 통깨","간장, 다진마늘, 참기름, 식용유",만개의레시피,search_results,https://www.10000recipe.com/recipe/list.html?q=%EA%BD%88%EB%A6%AC%EA%B3%A0%EC%B6%94%EB%A9%B8%EC%B9%98%EB%B3%B6%EC%9D%8C&order=reco&page=1,MVP용 만개의레시피 검색결과 링크. 대표 상세 레시피 URL은 추후 수집기/수동검수로 확정 권장.
81,반찬,소고기장조림,소고기,"계란, 꽈리고추","간장, 설탕, 맛술, 다진마늘",만개의레시피,search_results,https://www.10000recipe.com/recipe/list.html?q=%EC%86%8C%EA%B3%A0%EA%B8%B0%EC%9E%A5%EC%A1%B0%EB%A6%BC&order=reco&page=1,MVP용 만개의레시피 검색결과 링크. 대표 상세 레시피 URL은 추후 수집기/수동검수로 확정 권장.
82,반찬,돼지고기장조림,돼지고기,"계란, 꽈리고추","간장, 설탕, 맛술, 다진마늘",만개의레시피,search_results,https://www.10000recipe.com/recipe/list.html?q=%EB%8F%BC%EC%A7%80%EA%B3%A0%EA%B8%B0%EC%9E%A5%EC%A1%B0%EB%A6%BC&order=reco&page=1,MVP용 만개의레시피 검색결과 링크. 대표 상세 레시피 URL은 추후 수집기/수동검수로 확정 권장.
83,반찬,닭가슴살장조림,닭가슴살,"계란, 꽈리고추","간장, 설탕, 맛술, 다진마늘",만개의레시피,search_results,https://www.10000recipe.com/recipe/list.html?q=%EB%8B%AD%EA%B0%80%EC%8A%B4%EC%82%B4%EC%9E%A5%EC%A1%B0%EB%A6%BC&order=reco&page=1,MVP용 만개의레시피 검색결과 링크. 대표 상세 레시피 URL은 추후 수집기/수동검수로 확정 권장.
84,반찬,김무침,김,"대파, 통깨","고춧가루, 식초, 설탕, 다진마늘, 참기름",만개의레시피,search_results,https://www.10000recipe.com/recipe/list.html?q=%EA%B9%80%EB%AC%B4%EC%B9%A8&order=reco&page=1,MVP용 만개의레시피 검색결과 링크. 대표 상세 레시피 URL은 추후 수집기/수동검수로 확정 권장.
85,반찬,도라지무침,도라지,"오이, 대파","고춧가루, 식초, 설탕, 다진마늘, 참기름",만개의레시피,search_results,https://www.10000recipe.com/recipe/list.html?q=%EB%8F%84%EB%9D%BC%EC%A7%80%EB%AC%B4%EC%B9%A8&order=reco&page=1,MVP용 만개의레시피 검색결과 링크. 대표 상세 레시피 URL은 추후 수집기/수동검수로 확정 권장.
86,반찬,고사리나물,고사리,"대파, 들깨가루","국간장, 소금, 참기름, 다진마늘",만개의레시피,search_results,https://www.10000recipe.com/recipe/list.html?q=%EA%B3%A0%EC%82%AC%EB%A6%AC%EB%82%98%EB%AC%BC&order=reco&page=1,MVP용 만개의레시피 검색결과 링크. 대표 상세 레시피 URL은 추후 수집기/수동검수로 확정 권장.
87,반찬,취나물무침,취나물,"대파, 통깨","고춧가루, 식초, 설탕, 다진마늘, 참기름",만개의레시피,search_results,https://www.10000recipe.com/recipe/list.html?q=%EC%B7%A8%EB%82%98%EB%AC%BC%EB%AC%B4%EC%B9%A8&order=reco&page=1,MVP용 만개의레시피 검색결과 링크. 대표 상세 레시피 URL은 추후 수집기/수동검수로 확정 권장.
88,반찬,브로콜리무침,브로콜리,"두부, 참깨","고춧가루, 식초, 설탕, 다진마늘, 참기름",만개의레시피,search_results,https://www.10000recipe.com/recipe/list.html?q=%EB%B8%8C%EB%A1%9C%EC%BD%9C%EB%A6%AC%EB%AC%B4%EC%B9%A8&order=reco&page=1,MVP용 만개의레시피 검색결과 링크. 대표 상세 레시피 URL은 추후 수집기/수동검수로 확정 권장.
89,반찬,파래무침,파래,"무, 오이","고춧가루, 식초, 설탕, 다진마늘, 참기름",만개의레시피,search_results,https://www.10000recipe.com/recipe/list.html?q=%ED%8C%8C%EB%9E%98%EB%AC%B4%EC%B9%A8&order=reco&page=1,MVP용 만개의레시피 검색결과 링크. 대표 상세 레시피 URL은 추후 수집기/수동검수로 확정 권장.
90,반찬,미역줄기볶음,미역줄기,"양파, 당근","간장, 다진마늘, 참기름, 식용유",만개의레시피,search_results,https://www.10000recipe.com/recipe/list.html?q=%EB%AF%B8%EC%97%AD%EC%A4%84%EA%B8%B0%EB%B3%B6%EC%9D%8C&order=reco&page=1,MVP용 만개의레시피 검색결과 링크. 대표 상세 레시피 URL은 추후 수집기/수동검수로 확정 권장.
91,반찬,오징어젓갈무침,오징어젓갈,"청양고추, 마늘","고춧가루, 식초, 설탕, 다진마늘, 참기름",만개의레시피,search_results,https://www.10000recipe.com/recipe/list.html?q=%EC%98%A4%EC%A7%95%EC%96%B4%EC%A0%93%EA%B0%88%EB%AC%B4%EC%B9%A8&order=reco&page=1,MVP용 만개의레시피 검색결과 링크. 대표 상세 레시피 URL은 추후 수집기/수동검수로 확정 권장.
92,반찬,무말랭이무침,무말랭이,"고춧잎, 통깨","고춧가루, 식초, 설탕, 다진마늘, 참기름",만개의레시피,search_results,https://www.10000recipe.com/recipe/list.html?q=%EB%AC%B4%EB%A7%90%EB%9E%AD%EC%9D%B4%EB%AC%B4%EC%B9%A8&order=reco&page=1,MVP용 만개의레시피 검색결과 링크. 대표 상세 레시피 URL은 추후 수집기/수동검수로 확정 권장.
93,반찬,콩자반,검은콩,통깨,"소금, 후추",만개의레시피,search_results,https://www.10000recipe.com/recipe/list.html?q=%EC%BD%A9%EC%9E%90%EB%B0%98&order=reco&page=1,MVP용 만개의레시피 검색결과 링크. 대표 상세 레시피 URL은 추후 수집기/수동검수로 확정 권장.
94,반찬,계란후라이,계란,"대파, 햄","소금, 후추",만개의레시피,search_results,https://www.10000recipe.com/recipe/list.html?q=%EA%B3%84%EB%9E%80%ED%9B%84%EB%9D%BC%EC%9D%B4&order=reco&page=1,MVP용 만개의레시피 검색결과 링크. 대표 상세 레시피 URL은 추후 수집기/수동검수로 확정 권장.
95,반찬,소시지야채볶음,소시지,"양파, 파프리카, 당근","간장, 다진마늘, 참기름, 식용유",만개의레시피,search_results,https://www.10000recipe.com/recipe/list.html?q=%EC%86%8C%EC%8B%9C%EC%A7%80%EC%95%BC%EC%B1%84%EB%B3%B6%EC%9D%8C&order=reco&page=1,MVP용 만개의레시피 검색결과 링크. 대표 상세 레시피 URL은 추후 수집기/수동검수로 확정 권장.
96,반찬,햄감자볶음,"햄, 감자","양파, 당근","간장, 다진마늘, 참기름, 식용유",만개의레시피,search_results,https://www.10000recipe.com/recipe/list.html?q=%ED%96%84%EA%B0%90%EC%9E%90%EB%B3%B6%EC%9D%8C&order=reco&page=1,MVP용 만개의레시피 검색결과 링크. 대표 상세 레시피 URL은 추후 수집기/수동검수로 확정 권장.
97,반찬,참치마요무침,"참치캔, 마요네즈","양파, 옥수수콘","고춧가루, 식초, 설탕, 다진마늘, 참기름",만개의레시피,search_results,https://www.10000recipe.com/recipe/list.html?q=%EC%B0%B8%EC%B9%98%EB%A7%88%EC%9A%94%EB%AC%B4%EC%B9%A8&order=reco&page=1,MVP용 만개의레시피 검색결과 링크. 대표 상세 레시피 URL은 추후 수집기/수동검수로 확정 권장.
98,반찬,콘샐러드,"옥수수콘, 마요네즈","양파, 당근, 오이","소금, 후추",만개의레시피,search_results,https://www.10000recipe.com/recipe/list.html?q=%EC%BD%98%EC%83%90%EB%9F%AC%EB%93%9C&order=reco&page=1,MVP용 만개의레시피 검색결과 링크. 대표 상세 레시피 URL은 추후 수집기/수동검수로 확정 권장.
99,반찬,양배추샐러드,양배추,"당근, 오이, 마요네즈","소금, 후추",만개의레시피,search_results,https://www.10000recipe.com/recipe/list.html?q=%EC%96%91%EB%B0%B0%EC%B6%94%EC%83%90%EB%9F%AC%EB%93%9C&order=reco&page=1,MVP용 만개의레시피 검색결과 링크. 대표 상세 레시피 URL은 추후 수집기/수동검수로 확정 권장.
100,반찬,김구이,김,"참기름, 소금",,만개의레시피,search_results,https://www.10000recipe.com/recipe/list.html?q=%EA%B9%80%EA%B5%AC%EC%9D%B4&order=reco&page=1,MVP용 만개의레시피 검색결과 링크. 대표 상세 레시피 URL은 추후 수집기/수동검수로 확정 권장.
101,메인,제육볶음,돼지고기,"양파, 대파, 양배추","간장, 다진마늘, 참기름, 식용유",만개의레시피,search_results,https://www.10000recipe.com/recipe/list.html?q=%EC%A0%9C%EC%9C%A1%EB%B3%B6%EC%9D%8C&order=reco&page=1,MVP용 만개의레시피 검색결과 링크. 대표 상세 레시피 URL은 추후 수집기/수동검수로 확정 권장.
102,메인,고추장돼지불고기,"돼지고기, 고추장","양파, 대파, 버섯","간장, 설탕, 다진마늘, 참기름, 후추",만개의레시피,search_results,https://www.10000recipe.com/recipe/list.html?q=%EA%B3%A0%EC%B6%94%EC%9E%A5%EB%8F%BC%EC%A7%80%EB%B6%88%EA%B3%A0%EA%B8%B0&order=reco&page=1,MVP용 만개의레시피 검색결과 링크. 대표 상세 레시피 URL은 추후 수집기/수동검수로 확정 권장.
103,메인,간장돼지불고기,"돼지고기, 간장","양파, 대파, 버섯","설탕, 다진마늘, 참기름, 후추",만개의레시피,search_results,https://www.10000recipe.com/recipe/list.html?q=%EA%B0%84%EC%9E%A5%EB%8F%BC%EC%A7%80%EB%B6%88%EA%B3%A0%EA%B8%B0&order=reco&page=1,MVP용 만개의레시피 검색결과 링크. 대표 상세 레시피 URL은 추후 수집기/수동검수로 확정 권장.
104,메인,소불고기,소고기,"양파, 대파, 버섯, 당면","간장, 설탕, 다진마늘, 참기름, 후추",만개의레시피,search_results,https://www.10000recipe.com/recipe/list.html?q=%EC%86%8C%EB%B6%88%EA%B3%A0%EA%B8%B0&order=reco&page=1,MVP용 만개의레시피 검색결과 링크. 대표 상세 레시피 URL은 추후 수집기/수동검수로 확정 권장.
105,메인,뚝배기불고기,"소고기, 당면","버섯, 양파, 대파","간장, 설탕, 다진마늘, 참기름, 후추",만개의레시피,search_results,https://www.10000recipe.com/recipe/list.html?q=%EB%9A%9D%EB%B0%B0%EA%B8%B0%EB%B6%88%EA%B3%A0%EA%B8%B0&order=reco&page=1,MVP용 만개의레시피 검색결과 링크. 대표 상세 레시피 URL은 추후 수집기/수동검수로 확정 권장.
106,메인,닭볶음탕,"닭고기, 감자","당근, 양파, 대파","고추장, 고춧가루, 간장, 다진마늘, 설탕",만개의레시피,search_results,https://www.10000recipe.com/recipe/list.html?q=%EB%8B%AD%EB%B3%B6%EC%9D%8C%ED%83%95&order=reco&page=1,MVP용 만개의레시피 검색결과 링크. 대표 상세 레시피 URL은 추후 수집기/수동검수로 확정 권장.
107,메인,닭갈비,"닭고기, 양배추","고구마, 떡, 깻잎","소금, 후추",만개의레시피,search_results,https://www.10000recipe.com/recipe/list.html?q=%EB%8B%AD%EA%B0%88%EB%B9%84&order=reco&page=1,MVP용 만개의레시피 검색결과 링크. 대표 상세 레시피 URL은 추후 수집기/수동검수로 확정 권장.
108,메인,안동찜닭,"닭고기, 당면","감자, 당근, 양파","간장, 설탕, 다진마늘, 맛술",만개의레시피,search_results,https://www.10000recipe.com/recipe/list.html?q=%EC%95%88%EB%8F%99%EC%B0%9C%EB%8B%AD&order=reco&page=1,MVP용 만개의레시피 검색결과 링크. 대표 상세 레시피 URL은 추후 수집기/수동검수로 확정 권장.
109,메인,소갈비찜,소갈비,"무, 당근, 밤, 버섯","간장, 설탕, 다진마늘, 맛술",만개의레시피,search_results,https://www.10000recipe.com/recipe/list.html?q=%EC%86%8C%EA%B0%88%EB%B9%84%EC%B0%9C&order=reco&page=1,MVP용 만개의레시피 검색결과 링크. 대표 상세 레시피 URL은 추후 수집기/수동검수로 확정 권장.
110,메인,돼지갈비찜,돼지갈비,"감자, 당근, 양파","간장, 설탕, 다진마늘, 맛술",만개의레시피,search_results,https://www.10000recipe.com/recipe/list.html?q=%EB%8F%BC%EC%A7%80%EA%B0%88%EB%B9%84%EC%B0%9C&order=reco&page=1,MVP용 만개의레시피 검색결과 링크. 대표 상세 레시피 URL은 추후 수집기/수동검수로 확정 권장.
111,메인,등갈비찜,등갈비,"양파, 대파, 감자","간장, 설탕, 다진마늘, 맛술",만개의레시피,search_results,https://www.10000recipe.com/recipe/list.html?q=%EB%93%B1%EA%B0%88%EB%B9%84%EC%B0%9C&order=reco&page=1,MVP용 만개의레시피 검색결과 링크. 대표 상세 레시피 URL은 추후 수집기/수동검수로 확정 권장.
112,메인,수육,돼지고기,"배추, 마늘, 대파","된장, 월계수잎, 통후추, 다진마늘",만개의레시피,search_results,https://www.10000recipe.com/recipe/list.html?q=%EC%88%98%EC%9C%A1&order=reco&page=1,MVP용 만개의레시피 검색결과 링크. 대표 상세 레시피 URL은 추후 수집기/수동검수로 확정 권장.
113,메인,보쌈,"돼지고기, 배추","무김치, 마늘, 고추","된장, 월계수잎, 통후추, 다진마늘",만개의레시피,search_results,https://www.10000recipe.com/recipe/list.html?q=%EB%B3%B4%EC%8C%88&order=reco&page=1,MVP용 만개의레시피 검색결과 링크. 대표 상세 레시피 URL은 추후 수집기/수동검수로 확정 권장.
114,메인,삼겹살구이,삼겹살,"마늘, 버섯, 쌈채소","소금, 후추, 식용유",만개의레시피,search_results,https://www.10000recipe.com/recipe/list.html?q=%EC%82%BC%EA%B2%B9%EC%82%B4%EA%B5%AC%EC%9D%B4&order=reco&page=1,MVP용 만개의레시피 검색결과 링크. 대표 상세 레시피 URL은 추후 수집기/수동검수로 확정 권장.
115,메인,대패삼겹살볶음,대패삼겹살,"숙주, 대파, 양파","간장, 다진마늘, 참기름, 식용유",만개의레시피,search_results,https://www.10000recipe.com/recipe/list.html?q=%EB%8C%80%ED%8C%A8%EC%82%BC%EA%B2%B9%EC%82%B4%EB%B3%B6%EC%9D%8C&order=reco&page=1,MVP용 만개의레시피 검색결과 링크. 대표 상세 레시피 URL은 추후 수집기/수동검수로 확정 권장.
116,메인,오삼불고기,"오징어, 삼겹살","양파, 대파, 양배추","간장, 설탕, 다진마늘, 참기름, 후추",만개의레시피,search_results,https://www.10000recipe.com/recipe/list.html?q=%EC%98%A4%EC%82%BC%EB%B6%88%EA%B3%A0%EA%B8%B0&order=reco&page=1,MVP용 만개의레시피 검색결과 링크. 대표 상세 레시피 URL은 추후 수집기/수동검수로 확정 권장.
117,메인,주꾸미볶음,주꾸미,"양파, 대파, 양배추","간장, 다진마늘, 참기름, 식용유",만개의레시피,search_results,https://www.10000recipe.com/recipe/list.html?q=%EC%A3%BC%EA%BE%B8%EB%AF%B8%EB%B3%B6%EC%9D%8C&order=reco&page=1,MVP용 만개의레시피 검색결과 링크. 대표 상세 레시피 URL은 추후 수집기/수동검수로 확정 권장.
118,메인,낙지볶음,낙지,"양파, 대파, 콩나물","간장, 다진마늘, 참기름, 식용유",만개의레시피,search_results,https://www.10000recipe.com/recipe/list.html?q=%EB%82%99%EC%A7%80%EB%B3%B6%EC%9D%8C&order=reco&page=1,MVP용 만개의레시피 검색결과 링크. 대표 상세 레시피 URL은 추후 수집기/수동검수로 확정 권장.
119,메인,오징어볶음,오징어,"양파, 대파, 양배추","간장, 다진마늘, 참기름, 식용유",만개의레시피,search_results,https://www.10000recipe.com/recipe/list.html?q=%EC%98%A4%EC%A7%95%EC%96%B4%EB%B3%B6%EC%9D%8C&order=reco&page=1,MVP용 만개의레시피 검색결과 링크. 대표 상세 레시피 URL은 추후 수집기/수동검수로 확정 권장.
120,메인,고등어조림,"고등어, 무","대파, 양파, 감자","간장, 설탕, 다진마늘, 참기름",만개의레시피,search_results,https://www.10000recipe.com/recipe/list.html?q=%EA%B3%A0%EB%93%B1%EC%96%B4%EC%A1%B0%EB%A6%BC&order=reco&page=1,MVP용 만개의레시피 검색결과 링크. 대표 상세 레시피 URL은 추후 수집기/수동검수로 확정 권장.
121,메인,갈치조림,"갈치, 무","감자, 대파, 양파","간장, 설탕, 다진마늘, 참기름",만개의레시피,search_results,https://www.10000recipe.com/recipe/list.html?q=%EA%B0%88%EC%B9%98%EC%A1%B0%EB%A6%BC&order=reco&page=1,MVP용 만개의레시피 검색결과 링크. 대표 상세 레시피 URL은 추후 수집기/수동검수로 확정 권장.
122,메인,코다리조림,코다리,"무, 대파, 양파","간장, 설탕, 다진마늘, 참기름",만개의레시피,search_results,https://www.10000recipe.com/recipe/list.html?q=%EC%BD%94%EB%8B%A4%EB%A6%AC%EC%A1%B0%EB%A6%BC&order=reco&page=1,MVP용 만개의레시피 검색결과 링크. 대표 상세 레시피 URL은 추후 수집기/수동검수로 확정 권장.
123,메인,고등어구이,고등어,"레몬, 대파","소금, 후추, 식용유",만개의레시피,search_results,https://www.10000recipe.com/recipe/list.html?q=%EA%B3%A0%EB%93%B1%EC%96%B4%EA%B5%AC%EC%9D%B4&order=reco&page=1,MVP용 만개의레시피 검색결과 링크. 대표 상세 레시피 URL은 추후 수집기/수동검수로 확정 권장.
124,메인,삼치구이,삼치,"무, 레몬","소금, 후추, 식용유",만개의레시피,search_results,https://www.10000recipe.com/recipe/list.html?q=%EC%82%BC%EC%B9%98%EA%B5%AC%EC%9D%B4&order=reco&page=1,MVP용 만개의레시피 검색결과 링크. 대표 상세 레시피 URL은 추후 수집기/수동검수로 확정 권장.
125,메인,갈치구이,갈치,"레몬, 대파","소금, 후추, 식용유",만개의레시피,search_results,https://www.10000recipe.com/recipe/list.html?q=%EA%B0%88%EC%B9%98%EA%B5%AC%EC%9D%B4&order=reco&page=1,MVP용 만개의레시피 검색결과 링크. 대표 상세 레시피 URL은 추후 수집기/수동검수로 확정 권장.
126,메인,조기구이,조기,"레몬, 대파","소금, 후추, 식용유",만개의레시피,search_results,https://www.10000recipe.com/recipe/list.html?q=%EC%A1%B0%EA%B8%B0%EA%B5%AC%EC%9D%B4&order=reco&page=1,MVP용 만개의레시피 검색결과 링크. 대표 상세 레시피 URL은 추후 수집기/수동검수로 확정 권장.
127,메인,연어구이,연어,"양파, 버섯, 레몬","소금, 후추, 식용유",만개의레시피,search_results,https://www.10000recipe.com/recipe/list.html?q=%EC%97%B0%EC%96%B4%EA%B5%AC%EC%9D%B4&order=reco&page=1,MVP용 만개의레시피 검색결과 링크. 대표 상세 레시피 URL은 추후 수집기/수동검수로 확정 권장.
128,메인,닭강정,닭고기,"견과류, 떡","고추장, 케첩, 올리고당, 간장",만개의레시피,search_results,https://www.10000recipe.com/recipe/list.html?q=%EB%8B%AD%EA%B0%95%EC%A0%95&order=reco&page=1,MVP용 만개의레시피 검색결과 링크. 대표 상세 레시피 URL은 추후 수집기/수동검수로 확정 권장.
129,메인,양념치킨,닭고기,"떡, 땅콩","간장, 다진마늘, 설탕, 식용유",만개의레시피,search_results,https://www.10000recipe.com/recipe/list.html?q=%EC%96%91%EB%85%90%EC%B9%98%ED%82%A8&order=reco&page=1,MVP용 만개의레시피 검색결과 링크. 대표 상세 레시피 URL은 추후 수집기/수동검수로 확정 권장.
130,메인,간장치킨,닭고기,"마늘, 대파","간장, 다진마늘, 설탕, 식용유",만개의레시피,search_results,https://www.10000recipe.com/recipe/list.html?q=%EA%B0%84%EC%9E%A5%EC%B9%98%ED%82%A8&order=reco&page=1,MVP용 만개의레시피 검색결과 링크. 대표 상세 레시피 URL은 추후 수집기/수동검수로 확정 권장.
131,메인,두부김치,"두부, 김치","돼지고기, 대파","소금, 후추",만개의레시피,search_results,https://www.10000recipe.com/recipe/list.html?q=%EB%91%90%EB%B6%80%EA%B9%80%EC%B9%98&order=reco&page=1,MVP용 만개의레시피 검색결과 링크. 대표 상세 레시피 URL은 추후 수집기/수동검수로 확정 권장.
132,메인,골뱅이무침,골뱅이,"오이, 양파, 소면","고춧가루, 식초, 설탕, 다진마늘, 참기름",만개의레시피,search_results,https://www.10000recipe.com/recipe/list.html?q=%EA%B3%A8%EB%B1%85%EC%9D%B4%EB%AC%B4%EC%B9%A8&order=reco&page=1,MVP용 만개의레시피 검색결과 링크. 대표 상세 레시피 URL은 추후 수집기/수동검수로 확정 권장.
133,메인,해물파전,"해산물, 쪽파","부추, 오징어, 새우","부침가루, 소금, 식용유",만개의레시피,search_results,https://www.10000recipe.com/recipe/list.html?q=%ED%95%B4%EB%AC%BC%ED%8C%8C%EC%A0%84&order=reco&page=1,MVP용 만개의레시피 검색결과 링크. 대표 상세 레시피 URL은 추후 수집기/수동검수로 확정 권장.
134,메인,김치전,"김치, 부침가루","오징어, 대파","소금, 식용유",만개의레시피,search_results,https://www.10000recipe.com/recipe/list.html?q=%EA%B9%80%EC%B9%98%EC%A0%84&order=reco&page=1,MVP용 만개의레시피 검색결과 링크. 대표 상세 레시피 URL은 추후 수집기/수동검수로 확정 권장.
135,메인,부추전,"부추, 부침가루","오징어, 양파","소금, 식용유",만개의레시피,search_results,https://www.10000recipe.com/recipe/list.html?q=%EB%B6%80%EC%B6%94%EC%A0%84&order=reco&page=1,MVP용 만개의레시피 검색결과 링크. 대표 상세 레시피 URL은 추후 수집기/수동검수로 확정 권장.
136,메인,파전,"쪽파, 부침가루","해산물, 계란","소금, 식용유",만개의레시피,search_results,https://www.10000recipe.com/recipe/list.html?q=%ED%8C%8C%EC%A0%84&order=reco&page=1,MVP용 만개의레시피 검색결과 링크. 대표 상세 레시피 URL은 추후 수집기/수동검수로 확정 권장.
137,메인,감자전,감자,"양파, 부추","부침가루, 소금, 식용유",만개의레시피,search_results,https://www.10000recipe.com/recipe/list.html?q=%EA%B0%90%EC%9E%90%EC%A0%84&order=reco&page=1,MVP용 만개의레시피 검색결과 링크. 대표 상세 레시피 URL은 추후 수집기/수동검수로 확정 권장.
138,메인,애호박전,애호박,"계란, 부침가루","소금, 식용유",만개의레시피,search_results,https://www.10000recipe.com/recipe/list.html?q=%EC%95%A0%ED%98%B8%EB%B0%95%EC%A0%84&order=reco&page=1,MVP용 만개의레시피 검색결과 링크. 대표 상세 레시피 URL은 추후 수집기/수동검수로 확정 권장.
139,메인,동그랑땡,"다짐육, 두부","당근, 양파, 계란","소금, 후추",만개의레시피,search_results,https://www.10000recipe.com/recipe/list.html?q=%EB%8F%99%EA%B7%B8%EB%9E%91%EB%95%A1&order=reco&page=1,MVP용 만개의레시피 검색결과 링크. 대표 상세 레시피 URL은 추후 수집기/수동검수로 확정 권장.
140,메인,떡갈비,다짐육,"양파, 대파","소금, 후추",만개의레시피,search_results,https://www.10000recipe.com/recipe/list.html?q=%EB%96%A1%EA%B0%88%EB%B9%84&order=reco&page=1,MVP용 만개의레시피 검색결과 링크. 대표 상세 레시피 URL은 추후 수집기/수동검수로 확정 권장.
141,메인,닭가슴살야채볶음,닭가슴살,"브로콜리, 양파, 파프리카","간장, 다진마늘, 참기름, 식용유",만개의레시피,search_results,https://www.10000recipe.com/recipe/list.html?q=%EB%8B%AD%EA%B0%80%EC%8A%B4%EC%82%B4%EC%95%BC%EC%B1%84%EB%B3%B6%EC%9D%8C&order=reco&page=1,MVP용 만개의레시피 검색결과 링크. 대표 상세 레시피 URL은 추후 수집기/수동검수로 확정 권장.
142,메인,훈제오리구이,훈제오리,"부추, 양파, 버섯","소금, 후추, 식용유",만개의레시피,search_results,https://www.10000recipe.com/recipe/list.html?q=%ED%9B%88%EC%A0%9C%EC%98%A4%EB%A6%AC%EA%B5%AC%EC%9D%B4&order=reco&page=1,MVP용 만개의레시피 검색결과 링크. 대표 상세 레시피 URL은 추후 수집기/수동검수로 확정 권장.
143,메인,오리불고기,오리고기,"양파, 대파, 부추","간장, 설탕, 다진마늘, 참기름, 후추",만개의레시피,search_results,https://www.10000recipe.com/recipe/list.html?q=%EC%98%A4%EB%A6%AC%EB%B6%88%EA%B3%A0%EA%B8%B0&order=reco&page=1,MVP용 만개의레시피 검색결과 링크. 대표 상세 레시피 URL은 추후 수집기/수동검수로 확정 권장.
144,메인,샤브샤브,샤브용 소고기,"배추, 버섯, 숙주","소금, 후추",만개의레시피,search_results,https://www.10000recipe.com/recipe/list.html?q=%EC%83%A4%EB%B8%8C%EC%83%A4%EB%B8%8C&order=reco&page=1,MVP용 만개의레시피 검색결과 링크. 대표 상세 레시피 URL은 추후 수집기/수동검수로 확정 권장.
145,메인,밀푀유나베,"소고기, 배추","깻잎, 버섯, 숙주","소금, 후추",만개의레시피,search_results,https://www.10000recipe.com/recipe/list.html?q=%EB%B0%80%ED%91%80%EC%9C%A0%EB%82%98%EB%B2%A0&order=reco&page=1,MVP용 만개의레시피 검색결과 링크. 대표 상세 레시피 URL은 추후 수집기/수동검수로 확정 권장.
146,메인,돼지고기두루치기,돼지고기,"김치, 양파, 대파","소금, 후추",만개의레시피,search_results,https://www.10000recipe.com/recipe/list.html?q=%EB%8F%BC%EC%A7%80%EA%B3%A0%EA%B8%B0%EB%91%90%EB%A3%A8%EC%B9%98%EA%B8%B0&order=reco&page=1,MVP용 만개의레시피 검색결과 링크. 대표 상세 레시피 URL은 추후 수집기/수동검수로 확정 권장.
147,메인,김치찜,"김치, 돼지고기","두부, 대파, 양파","간장, 설탕, 다진마늘, 맛술",만개의레시피,search_results,https://www.10000recipe.com/recipe/list.html?q=%EA%B9%80%EC%B9%98%EC%B0%9C&order=reco&page=1,MVP용 만개의레시피 검색결과 링크. 대표 상세 레시피 URL은 추후 수집기/수동검수로 확정 권장.
148,메인,돼지갈비구이,돼지갈비,"양파, 마늘, 대파","소금, 후추, 식용유",만개의레시피,search_results,https://www.10000recipe.com/recipe/list.html?q=%EB%8F%BC%EC%A7%80%EA%B0%88%EB%B9%84%EA%B5%AC%EC%9D%B4&order=reco&page=1,MVP용 만개의레시피 검색결과 링크. 대표 상세 레시피 URL은 추후 수집기/수동검수로 확정 권장.
149,메인,LA갈비구이,LA갈비,"양파, 마늘","소금, 후추, 식용유",만개의레시피,search_results,https://www.10000recipe.com/recipe/list.html?q=LA%EA%B0%88%EB%B9%84%EA%B5%AC%EC%9D%B4&order=reco&page=1,MVP용 만개의레시피 검색결과 링크. 대표 상세 레시피 URL은 추후 수집기/수동검수로 확정 권장.
150,메인,꼬막무침,꼬막,"부추, 양파, 오이","고춧가루, 식초, 설탕, 다진마늘, 참기름",만개의레시피,search_results,https://www.10000recipe.com/recipe/list.html?q=%EA%BC%AC%EB%A7%89%EB%AC%B4%EC%B9%A8&order=reco&page=1,MVP용 만개의레시피 검색결과 링크. 대표 상세 레시피 URL은 추후 수집기/수동검수로 확정 권장.
151,간편,김치볶음밥,"김치, 밥","계란, 대파, 햄","간장, 참기름, 식용유",만개의레시피,search_results,https://www.10000recipe.com/recipe/list.html?q=%EA%B9%80%EC%B9%98%EB%B3%B6%EC%9D%8C%EB%B0%A5&order=reco&page=1,MVP용 만개의레시피 검색결과 링크. 대표 상세 레시피 URL은 추후 수집기/수동검수로 확정 권장.
152,간편,참치김치볶음밥,"김치, 참치캔, 밥","계란, 대파, 김가루","간장, 참기름, 식용유",만개의레시피,search_results,https://www.10000recipe.com/recipe/list.html?q=%EC%B0%B8%EC%B9%98%EA%B9%80%EC%B9%98%EB%B3%B6%EC%9D%8C%EB%B0%A5&order=reco&page=1,MVP용 만개의레시피 검색결과 링크. 대표 상세 레시피 URL은 추후 수집기/수동검수로 확정 권장.
153,간편,스팸김치볶음밥,"김치, 스팸, 밥","계란, 대파","간장, 참기름, 식용유",만개의레시피,search_results,https://www.10000recipe.com/recipe/list.html?q=%EC%8A%A4%ED%8C%B8%EA%B9%80%EC%B9%98%EB%B3%B6%EC%9D%8C%EB%B0%A5&order=reco&page=1,MVP용 만개의레시피 검색결과 링크. 대표 상세 레시피 URL은 추후 수집기/수동검수로 확정 권장.
154,간편,계란볶음밥,"계란, 밥","대파, 당근, 햄","간장, 참기름, 식용유",만개의레시피,search_results,https://www.10000recipe.com/recipe/list.html?q=%EA%B3%84%EB%9E%80%EB%B3%B6%EC%9D%8C%EB%B0%A5&order=reco&page=1,MVP용 만개의레시피 검색결과 링크. 대표 상세 레시피 URL은 추후 수집기/수동검수로 확정 권장.
155,간편,새우볶음밥,"새우, 밥","계란, 대파, 당근","간장, 참기름, 식용유",만개의레시피,search_results,https://www.10000recipe.com/recipe/list.html?q=%EC%83%88%EC%9A%B0%EB%B3%B6%EC%9D%8C%EB%B0%A5&order=reco&page=1,MVP용 만개의레시피 검색결과 링크. 대표 상세 레시피 URL은 추후 수집기/수동검수로 확정 권장.
156,간편,야채볶음밥,"밥, 야채","계란, 햄, 대파","간장, 참기름, 식용유",만개의레시피,search_results,https://www.10000recipe.com/recipe/list.html?q=%EC%95%BC%EC%B1%84%EB%B3%B6%EC%9D%8C%EB%B0%A5&order=reco&page=1,MVP용 만개의레시피 검색결과 링크. 대표 상세 레시피 URL은 추후 수집기/수동검수로 확정 권장.
157,간편,카레라이스,"카레, 밥","감자, 당근, 양파, 고기","카레가루, 식용유",만개의레시피,search_results,https://www.10000recipe.com/recipe/list.html?q=%EC%B9%B4%EB%A0%88%EB%9D%BC%EC%9D%B4%EC%8A%A4&order=reco&page=1,MVP용 만개의레시피 검색결과 링크. 대표 상세 레시피 URL은 추후 수집기/수동검수로 확정 권장.
158,간편,짜장밥,"짜장소스, 밥","양파, 돼지고기, 감자","춘장, 설탕, 식용유",만개의레시피,search_results,https://www.10000recipe.com/recipe/list.html?q=%EC%A7%9C%EC%9E%A5%EB%B0%A5&order=reco&page=1,MVP용 만개의레시피 검색결과 링크. 대표 상세 레시피 URL은 추후 수집기/수동검수로 확정 권장.
159,간편,오므라이스,"밥, 계란","양파, 당근, 햄","소금, 후추",만개의레시피,search_results,https://www.10000recipe.com/recipe/list.html?q=%EC%98%A4%EB%AF%80%EB%9D%BC%EC%9D%B4%EC%8A%A4&order=reco&page=1,MVP용 만개의레시피 검색결과 링크. 대표 상세 레시피 URL은 추후 수집기/수동검수로 확정 권장.
160,간편,비빔밥,"밥, 나물","계란, 고추장, 김가루","참기름, 통깨",만개의레시피,search_results,https://www.10000recipe.com/recipe/list.html?q=%EB%B9%84%EB%B9%94%EB%B0%A5&order=reco&page=1,MVP용 만개의레시피 검색결과 링크. 대표 상세 레시피 URL은 추후 수집기/수동검수로 확정 권장.
161,간편,콩나물밥,"콩나물, 밥","소고기, 대파","국간장, 소금, 참기름, 다진마늘",만개의레시피,search_results,https://www.10000recipe.com/recipe/list.html?q=%EC%BD%A9%EB%82%98%EB%AC%BC%EB%B0%A5&order=reco&page=1,MVP용 만개의레시피 검색결과 링크. 대표 상세 레시피 URL은 추후 수집기/수동검수로 확정 권장.
162,간편,참치마요덮밥,"참치캔, 밥","계란, 김가루, 양파","마요네즈, 간장, 설탕, 참기름",만개의레시피,search_results,https://www.10000recipe.com/recipe/list.html?q=%EC%B0%B8%EC%B9%98%EB%A7%88%EC%9A%94%EB%8D%AE%EB%B0%A5&order=reco&page=1,MVP용 만개의레시피 검색결과 링크. 대표 상세 레시피 URL은 추후 수집기/수동검수로 확정 권장.
163,간편,스팸마요덮밥,"스팸, 밥","계란, 김가루, 양파","마요네즈, 간장, 설탕, 참기름",만개의레시피,search_results,https://www.10000recipe.com/recipe/list.html?q=%EC%8A%A4%ED%8C%B8%EB%A7%88%EC%9A%94%EB%8D%AE%EB%B0%A5&order=reco&page=1,MVP용 만개의레시피 검색결과 링크. 대표 상세 레시피 URL은 추후 수집기/수동검수로 확정 권장.
164,간편,제육덮밥,"제육볶음, 밥","양파, 대파","고추장, 고춧가루, 간장, 다진마늘, 설탕",만개의레시피,search_results,https://www.10000recipe.com/recipe/list.html?q=%EC%A0%9C%EC%9C%A1%EB%8D%AE%EB%B0%A5&order=reco&page=1,MVP용 만개의레시피 검색결과 링크. 대표 상세 레시피 URL은 추후 수집기/수동검수로 확정 권장.
165,간편,불고기덮밥,"불고기, 밥","양파, 버섯, 대파","간장, 설탕, 다진마늘, 참기름, 후추",만개의레시피,search_results,https://www.10000recipe.com/recipe/list.html?q=%EB%B6%88%EA%B3%A0%EA%B8%B0%EB%8D%AE%EB%B0%A5&order=reco&page=1,MVP용 만개의레시피 검색결과 링크. 대표 상세 레시피 URL은 추후 수집기/수동검수로 확정 권장.
166,간편,오징어덮밥,"오징어, 밥","양파, 양배추, 대파","간장, 설탕, 참기름",만개의레시피,search_results,https://www.10000recipe.com/recipe/list.html?q=%EC%98%A4%EC%A7%95%EC%96%B4%EB%8D%AE%EB%B0%A5&order=reco&page=1,MVP용 만개의레시피 검색결과 링크. 대표 상세 레시피 URL은 추후 수집기/수동검수로 확정 권장.
167,간편,치킨마요덮밥,"닭고기, 밥","계란, 김가루, 양파","마요네즈, 간장, 다진마늘, 설탕, 식용유",만개의레시피,search_results,https://www.10000recipe.com/recipe/list.html?q=%EC%B9%98%ED%82%A8%EB%A7%88%EC%9A%94%EB%8D%AE%EB%B0%A5&order=reco&page=1,MVP용 만개의레시피 검색결과 링크. 대표 상세 레시피 URL은 추후 수집기/수동검수로 확정 권장.
168,간편,장조림버터밥,"장조림, 밥","계란, 버터, 김가루","간장, 설탕, 맛술, 다진마늘",만개의레시피,search_results,https://www.10000recipe.com/recipe/list.html?q=%EC%9E%A5%EC%A1%B0%EB%A6%BC%EB%B2%84%ED%84%B0%EB%B0%A5&order=reco&page=1,MVP용 만개의레시피 검색결과 링크. 대표 상세 레시피 URL은 추후 수집기/수동검수로 확정 권장.
169,간편,계란간장밥,"계란, 밥","간장, 참기름, 김가루","소금, 후추",만개의레시피,search_results,https://www.10000recipe.com/recipe/list.html?q=%EA%B3%84%EB%9E%80%EA%B0%84%EC%9E%A5%EB%B0%A5&order=reco&page=1,MVP용 만개의레시피 검색결과 링크. 대표 상세 레시피 URL은 추후 수집기/수동검수로 확정 권장.
170,간편,버터간장계란밥,"계란, 밥, 버터","김가루, 대파","간장, 소금, 후추",만개의레시피,search_results,https://www.10000recipe.com/recipe/list.html?q=%EB%B2%84%ED%84%B0%EA%B0%84%EC%9E%A5%EA%B3%84%EB%9E%80%EB%B0%A5&order=reco&page=1,MVP용 만개의레시피 검색결과 링크. 대표 상세 레시피 URL은 추후 수집기/수동검수로 확정 권장.
171,간편,김밥,"밥, 김","단무지, 계란, 햄, 당근","소금, 참기름, 통깨",만개의레시피,search_results,https://www.10000recipe.com/recipe/list.html?q=%EA%B9%80%EB%B0%A5&order=reco&page=1,MVP용 만개의레시피 검색결과 링크. 대표 상세 레시피 URL은 추후 수집기/수동검수로 확정 권장.
172,간편,참치김밥,"참치캔, 밥, 김","단무지, 계란, 깻잎","소금, 참기름, 통깨",만개의레시피,search_results,https://www.10000recipe.com/recipe/list.html?q=%EC%B0%B8%EC%B9%98%EA%B9%80%EB%B0%A5&order=reco&page=1,MVP용 만개의레시피 검색결과 링크. 대표 상세 레시피 URL은 추후 수집기/수동검수로 확정 권장.
173,간편,치즈김밥,"치즈, 밥, 김","햄, 단무지, 계란","소금, 참기름, 통깨",만개의레시피,search_results,https://www.10000recipe.com/recipe/list.html?q=%EC%B9%98%EC%A6%88%EA%B9%80%EB%B0%A5&order=reco&page=1,MVP용 만개의레시피 검색결과 링크. 대표 상세 레시피 URL은 추후 수집기/수동검수로 확정 권장.
174,간편,스팸김밥,"스팸, 밥, 김","계란, 단무지, 당근","소금, 참기름, 통깨",만개의레시피,search_results,https://www.10000recipe.com/recipe/list.html?q=%EC%8A%A4%ED%8C%B8%EA%B9%80%EB%B0%A5&order=reco&page=1,MVP용 만개의레시피 검색결과 링크. 대표 상세 레시피 URL은 추후 수집기/수동검수로 확정 권장.
175,간편,유부초밥,"유부, 밥","참치, 계란, 오이","소금, 후추",만개의레시피,search_results,https://www.10000recipe.com/recipe/list.html?q=%EC%9C%A0%EB%B6%80%EC%B4%88%EB%B0%A5&order=reco&page=1,MVP용 만개의레시피 검색결과 링크. 대표 상세 레시피 URL은 추후 수집기/수동검수로 확정 권장.
176,간편,잔치국수,소면,"계란, 애호박, 김가루","간장, 식초, 설탕, 고추장",만개의레시피,search_results,https://www.10000recipe.com/recipe/list.html?q=%EC%9E%94%EC%B9%98%EA%B5%AD%EC%88%98&order=reco&page=1,MVP용 만개의레시피 검색결과 링크. 대표 상세 레시피 URL은 추후 수집기/수동검수로 확정 권장.
177,간편,비빔국수,"소면, 고추장","오이, 계란, 김치","간장, 식초, 설탕",만개의레시피,search_results,https://www.10000recipe.com/recipe/list.html?q=%EB%B9%84%EB%B9%94%EA%B5%AD%EC%88%98&order=reco&page=1,MVP용 만개의레시피 검색결과 링크. 대표 상세 레시피 URL은 추후 수집기/수동검수로 확정 권장.
178,간편,열무국수,"소면, 열무김치","오이, 계란","간장, 식초, 설탕, 고추장",만개의레시피,search_results,https://www.10000recipe.com/recipe/list.html?q=%EC%97%B4%EB%AC%B4%EA%B5%AD%EC%88%98&order=reco&page=1,MVP용 만개의레시피 검색결과 링크. 대표 상세 레시피 URL은 추후 수집기/수동검수로 확정 권장.
179,간편,냉면,냉면사리,"계란, 오이, 무절임","냉면육수, 식초, 겨자",만개의레시피,search_results,https://www.10000recipe.com/recipe/list.html?q=%EB%83%89%EB%A9%B4&order=reco&page=1,MVP용 만개의레시피 검색결과 링크. 대표 상세 레시피 URL은 추후 수집기/수동검수로 확정 권장.
180,간편,비빔냉면,"냉면사리, 비빔장","계란, 오이","냉면육수, 식초, 겨자",만개의레시피,search_results,https://www.10000recipe.com/recipe/list.html?q=%EB%B9%84%EB%B9%94%EB%83%89%EB%A9%B4&order=reco&page=1,MVP용 만개의레시피 검색결과 링크. 대표 상세 레시피 URL은 추후 수집기/수동검수로 확정 권장.
181,간편,칼국수,칼국수면,"감자, 애호박, 바지락","국간장, 소금, 다진마늘",만개의레시피,search_results,https://www.10000recipe.com/recipe/list.html?q=%EC%B9%BC%EA%B5%AD%EC%88%98&order=reco&page=1,MVP용 만개의레시피 검색결과 링크. 대표 상세 레시피 URL은 추후 수집기/수동검수로 확정 권장.
182,간편,수제비,수제비반죽,"감자, 애호박, 양파","국간장, 소금, 다진마늘",만개의레시피,search_results,https://www.10000recipe.com/recipe/list.html?q=%EC%88%98%EC%A0%9C%EB%B9%84&order=reco&page=1,MVP용 만개의레시피 검색결과 링크. 대표 상세 레시피 URL은 추후 수집기/수동검수로 확정 권장.
183,간편,라면,라면,"계란, 대파",라면스프,만개의레시피,search_results,https://www.10000recipe.com/recipe/list.html?q=%EB%9D%BC%EB%A9%B4&order=reco&page=1,MVP용 만개의레시피 검색결과 링크. 대표 상세 레시피 URL은 추후 수집기/수동검수로 확정 권장.
184,간편,떡라면,"라면, 떡","계란, 대파",라면스프,만개의레시피,search_results,https://www.10000recipe.com/recipe/list.html?q=%EB%96%A1%EB%9D%BC%EB%A9%B4&order=reco&page=1,MVP용 만개의레시피 검색결과 링크. 대표 상세 레시피 URL은 추후 수집기/수동검수로 확정 권장.
185,간편,김치라면,"라면, 김치","계란, 대파",라면스프,만개의레시피,search_results,https://www.10000recipe.com/recipe/list.html?q=%EA%B9%80%EC%B9%98%EB%9D%BC%EB%A9%B4&order=reco&page=1,MVP용 만개의레시피 검색결과 링크. 대표 상세 레시피 URL은 추후 수집기/수동검수로 확정 권장.
186,간편,만두라면,"라면, 만두","계란, 대파",라면스프,만개의레시피,search_results,https://www.10000recipe.com/recipe/list.html?q=%EB%A7%8C%EB%91%90%EB%9D%BC%EB%A9%B4&order=reco&page=1,MVP용 만개의레시피 검색결과 링크. 대표 상세 레시피 URL은 추후 수집기/수동검수로 확정 권장.
187,간편,떡볶이,"떡볶이떡, 어묵","대파, 양배추, 계란","고추장, 고춧가루, 설탕, 간장",만개의레시피,search_results,https://www.10000recipe.com/recipe/list.html?q=%EB%96%A1%EB%B3%B6%EC%9D%B4&order=reco&page=1,MVP용 만개의레시피 검색결과 링크. 대표 상세 레시피 URL은 추후 수집기/수동검수로 확정 권장.
188,간편,라볶이,"라면사리, 떡볶이떡","어묵, 계란, 대파","고추장, 고춧가루, 설탕, 간장",만개의레시피,search_results,https://www.10000recipe.com/recipe/list.html?q=%EB%9D%BC%EB%B3%B6%EC%9D%B4&order=reco&page=1,MVP용 만개의레시피 검색결과 링크. 대표 상세 레시피 URL은 추후 수집기/수동검수로 확정 권장.
189,간편,쫄면,쫄면사리,"오이, 양배추, 계란","고추장, 식초, 설탕, 참기름",만개의레시피,search_results,https://www.10000recipe.com/recipe/list.html?q=%EC%AB%84%EB%A9%B4&order=reco&page=1,MVP용 만개의레시피 검색결과 링크. 대표 상세 레시피 URL은 추후 수집기/수동검수로 확정 권장.
190,간편,비빔만두,"만두, 야채","오이, 양배추, 당근","간장, 식초",만개의레시피,search_results,https://www.10000recipe.com/recipe/list.html?q=%EB%B9%84%EB%B9%94%EB%A7%8C%EB%91%90&order=reco&page=1,MVP용 만개의레시피 검색결과 링크. 대표 상세 레시피 URL은 추후 수집기/수동검수로 확정 권장.
191,간편,군만두,만두,"양념장, 대파","간장, 식초",만개의레시피,search_results,https://www.10000recipe.com/recipe/list.html?q=%EA%B5%B0%EB%A7%8C%EB%91%90&order=reco&page=1,MVP용 만개의레시피 검색결과 링크. 대표 상세 레시피 URL은 추후 수집기/수동검수로 확정 권장.
192,간편,물만두,만두,"대파, 초간장","간장, 식초",만개의레시피,search_results,https://www.10000recipe.com/recipe/list.html?q=%EB%AC%BC%EB%A7%8C%EB%91%90&order=reco&page=1,MVP용 만개의레시피 검색결과 링크. 대표 상세 레시피 URL은 추후 수집기/수동검수로 확정 권장.
193,간편,만두국,만두,"계란, 대파, 떡","간장, 식초",만개의레시피,search_results,https://www.10000recipe.com/recipe/list.html?q=%EB%A7%8C%EB%91%90%EA%B5%AD&order=reco&page=1,MVP용 만개의레시피 검색결과 링크. 대표 상세 레시피 URL은 추후 수집기/수동검수로 확정 권장.
194,간편,샌드위치,"식빵, 계란","햄, 치즈, 양상추","마요네즈, 소금, 후추",만개의레시피,search_results,https://www.10000recipe.com/recipe/list.html?q=%EC%83%8C%EB%93%9C%EC%9C%84%EC%B9%98&order=reco&page=1,MVP용 만개의레시피 검색결과 링크. 대표 상세 레시피 URL은 추후 수집기/수동검수로 확정 권장.
195,간편,계란샌드위치,"식빵, 계란","마요네즈, 오이","소금, 후추",만개의레시피,search_results,https://www.10000recipe.com/recipe/list.html?q=%EA%B3%84%EB%9E%80%EC%83%8C%EB%93%9C%EC%9C%84%EC%B9%98&order=reco&page=1,MVP용 만개의레시피 검색결과 링크. 대표 상세 레시피 URL은 추후 수집기/수동검수로 확정 권장.
196,간편,참치샌드위치,"식빵, 참치캔","마요네즈, 양파, 오이","소금, 후추",만개의레시피,search_results,https://www.10000recipe.com/recipe/list.html?q=%EC%B0%B8%EC%B9%98%EC%83%8C%EB%93%9C%EC%9C%84%EC%B9%98&order=reco&page=1,MVP용 만개의레시피 검색결과 링크. 대표 상세 레시피 URL은 추후 수집기/수동검수로 확정 권장.
197,간편,길거리토스트,"식빵, 계란","양배추, 당근, 햄","버터, 설탕, 케첩",만개의레시피,search_results,https://www.10000recipe.com/recipe/list.html?q=%EA%B8%B8%EA%B1%B0%EB%A6%AC%ED%86%A0%EC%8A%A4%ED%8A%B8&order=reco&page=1,MVP용 만개의레시피 검색결과 링크. 대표 상세 레시피 URL은 추후 수집기/수동검수로 확정 권장.
198,간편,프렌치토스트,"식빵, 계란, 우유","버터, 설탕",케첩,만개의레시피,search_results,https://www.10000recipe.com/recipe/list.html?q=%ED%94%84%EB%A0%8C%EC%B9%98%ED%86%A0%EC%8A%A4%ED%8A%B8&order=reco&page=1,MVP용 만개의레시피 검색결과 링크. 대표 상세 레시피 URL은 추후 수집기/수동검수로 확정 권장.
199,간편,주먹밥,"밥, 김가루","참치, 멸치, 단무지","참기름, 소금, 통깨",만개의레시피,search_results,https://www.10000recipe.com/recipe/list.html?q=%EC%A3%BC%EB%A8%B9%EB%B0%A5&order=reco&page=1,MVP용 만개의레시피 검색결과 링크. 대표 상세 레시피 URL은 추후 수집기/수동검수로 확정 권장.
200,간편,참치주먹밥,"밥, 참치캔","김가루, 마요네즈, 단무지","참기름, 소금, 통깨",만개의레시피,search_results,https://www.10000recipe.com/recipe/list.html?q=%EC%B0%B8%EC%B9%98%EC%A3%BC%EB%A8%B9%EB%B0%A5&order=reco&page=1,MVP용 만개의레시피 검색결과 링크. 대표 상세 레시피 URL은 추후 수집기/수동검수로 확정 권장.
